<?xml version="1.0" encoding="UTF-8"?>
<beans xmlns="http://www.springframework.org/schema/beans"
	xmlns:xsi="http://www.w3.org/2001/XMLSchema-instance" 
	xmlns:context="http://www.springframework.org/schema/context"
    xmlns:tx="http://www.springframework.org/schema/tx"
	xmlns:mvc="http://www.springframework.org/schema/mvc"
	xsi:schemaLocation="
		http://www.springframework.org/schema/beans
		http://www.springframework.org/schema/beans/spring-beans.xsd
		http://www.springframework.org/schema/context
		http://www.springframework.org/schema/context/spring-context.xsd
		http://www.springframework.org/schema/mvc
		http://www.springframework.org/schema/mvc/spring-mvc.xsd
		http://www.springframework.org/schema/tx 
		http://www.springframework.org/schema/tx/spring-tx.xsd">

	<bean id="myCoach" class="com.mykcl.springdemo.Trackcoach" init-method="doMyStartupStuff" destroy-method="doMyCleanupStuff"> <constructor-arg ref="myFortune" /></bean>
	<bean id="myFortune" class="com.mykcl.springdemo.HappyFortuneClass"></bean>
	<bean id="myCricketCoach" class="com.mykcl.springdemo.CricketCoach">
	<property name="fortuneservice" ref="myFortune"/>
	</bean>
	
</beans>











